/farming-guide  /farming-guide/farming-guide.html  200
/home    /character-overview.html   200
/characters    /character-overview.html   200
/ads.txt    /ads.txt   200

characters/albedo /albedo.html 200

characters/albedo /characters/Albedo/albedo.html 200
characters/arataki-itto /characters/Arataki-Itto/arataki-itto.html 200
characters/alhaitham /characters/Alhaitham/alhaitham.html  200
characters/aloy /characters/Aloy/aloy.html 200
characters/amber /characters/Amber/amber.html 200
characters/barbara /characters/Barbara/barbara.html 200
characters/baizhu /characters/Baizhu/baizhu.html 200
characters/beidou /characters/Beidou/beidou.html 200
characters/bennett /characters/Bennett/bennett.html 200
characters/candace /characters/Candace/candace.html  200
characters/chongyun /characters/Chongyun/chongyun.html  200
characters/collei /characters/Collei/collei.html  200
characters/cyno /characters/Cyno/cyno.html  200
characters/dehya /characters/Dehya/dehya.html 200
characters/diluc /characters/Diluc/diluc.html 200
characters/diona /characters/Diona/diona.html 200
characters/dori /characters/Dori/dori.html 200
characters/eula /characters/Eula/eula.html  200
characters/faruzan /characters/Faruzan/faruzan.html  200
characters/fischl /characters/Fischl/fischl.html  200
characters/ganyu /characters/Ganyu/ganyu.html  200
characters/gorou /characters/Gorou/gorou.html  200
characters/hu-tao /characters/Hu-Tao/hu-tao.html  200
characters/jean /characters/Jean/jean.html  200
characters/kaedehara-kazuha /characters/Kaedehara-Kazuha/kaedehara-kazuha.html  200
characters/kamisato-ayaka /characters/Kamisato-Ayaka/kamisato-ayaka.html  200
characters/kamisato-ayato /characters/Kamisato-Ayato/kamisato-ayato.html  200
characters/kaveh /characters/Kaveh/kaveh.html  200
characters/kaeya /characters/Kaeya/kaeya.html  200
characters/keqing /characters/Keqing/keqing.html  200
characters/kirara /characters/Kirara/kirara.html  200
characters/klee /characters/Klee/klee.html  200
characters/kujou-sara /characters/Kujou-Sara/kujou-sara.html  200
characters/kuki-shinobu /characters/Kuki-Shinobu/kuki-shinobu.html  200
characters/layla /characters/Layla/layla.html  200
characters/lisa /characters/Lisa/lisa.html  200
characters/lyney /characters/Lyney/lyney.html 200
characters/lynette /characters/Lynette/lynette.html 200
characters/nahida /characters/Nahida/nahida.html  200
characters/nilou /characters/Nilou/nilou.html  200
characters/noelle /characters/Noelle/noelle.html  200
characters/ningguang /characters/Ningguang/ningguang.html  200
characters/mika /characters/Mika/mika.html  200
characters/mona /characters/Mona/mona.html  200
characters/qiqi /characters/Qiqi/qiqi.html  200
characters/raiden-shogun /characters/Raiden-Shogun/raiden-shogun.html 200
characters/razor /characters/Razor/razor.html 200
characters/rosaria /characters/Rosaria/rosaria.html 200
characters/sangonomiya-kokomi /characters/Sangonomiya-Kokomi/sangonomiya-kokomi.html 200
characters/sayu /characters/Sayu/sayu.html 200
characters/shenhe /characters/Shenhe/shenhe.html 200
characters/shikanoin-heizou /characters/Shikanoin-Heizou/shikanoin-heizou.html 200
characters/sucrose /characters/Sucrose/sucrose.html 200
characters/tartaglia /characters/Tartaglia/tartaglia.html  200
characters/thoma /characters/Thoma/thoma.html  200
characters/tighnari /characters/Tighnari/tighnari.html  200
characters/venti /characters/Venti/venti.html  200
characters/xiao /characters/Xiao/xiao.html  200
characters/xiangling /characters/Xiangling/xiangling.html  200
characters/xingqiu /characters/Xingqiu/xingqiu.html  200
characters/xinyan /characters/Xinyan/xinyan.html  200
characters/yae-miko /characters/Yae-Miko/yae-miko.html 200
characters/yanfei /characters/Yanfei/yanfei.html 200
characters/yaoyao /characters/Yaoyao/yaoyao.html  200
characters/yelan /characters/Yelan/yelan.html  200
characters/yoimiya /characters/Yoimiya/yoimiya.html  200
characters/yun-jin /characters/Yun-Jin/yun-jin.html  200
characters/wanderer /characters/Wanderer/wanderer.html  200
characters/zhongli /characters/Zhongli/zhongli.html  200



/https://thirtyelevengaming.io    /character-overview.html   200
/https://thirtyelevengaming.io/privacy    /privacy.html   200
/https://thirtyelevengaming.io/cookies    /cookie.html   200

/https://thirtyelevengaming.io/characters/anemo-traveler /anemo-traveler.html 200
/https://thirtyelevengaming.io/characters/dendro-traveler /dendro-traveler.html 200
/https://thirtyelevengaming.io/characters/electro-traveler /electro-traveler.html 200
/https://thirtyelevengaming.io/characters/geo-traveler /geo-traveler.html 200
/https://thirtyelevengaming.io/characters/anemo-traveler /anemo-traveler.html 200
/https://thirtyelevengaming.io/characters/dendro-traveler /dendro-traveler.html 200
/https://thirtyelevengaming.io/characters/electro-traveler /electro-traveler.html 200
/https://thirtyelevengaming.io/characters/geo-traveler /geo-traveler.html 200
